{
  "id": "beginner-box-coin-puzzle",
  "title": "beginner box coin puzzle",
  "description": "A scene for the coin puzzle in the pathfinder 2E beginner box",
  "version": "2.0.0",
  "compatibility": {
    "minimum": 10,
    "verified": "10"
  },
  "authors": [{ "name": "Mark Pearce", "discord": "Mark Pearce#2772" }],
  "packs": [
    {
      "name": "bb-coin-puzzle-actors",
      "label": "Coin Puzzle Actors",
      "path": "./packs/bb-coin-puzzle-actors.db",
      "entity": "Actor",
      "type": "Actor",
      "private": false,
      "system": "pf2e",
      "flags": {}
    },
    {
      "name": "bb-coin-puzzle-scene",
      "label": "Coin Puzzle Scene",
      "path": "./packs/bb-coin-puzzle-scenes.db",
      "entity": "Scene",
      "type": "Scene",
      "private": false,
      "flags": {}
    }
  ],
  "manifest": "https://github.com/MarkPearce/beginner-box-coin-puzzle-v10/releases/latest/download/module.json",
  "download": "https://github.com/MarkPearce/beginner-box-coin-puzzle-v10/releases/latest/download/beginner-box-coin-puzzle.zip"
}
